Технология (слабый сигнал),Стадия развития,Тренд упоминаний
Облачные вычисления (IaaS/PaaS),Массовое внедрение,Стабильный — рынок поделен между AWS/Azure/GCP
Контейнеризация и Kubernetes,Массовое внедрение,Стабильный — отраслевой стандарт
Распознавание лиц в видеонаблюдении,Массовое внедрение,Стабильный
Бесконтактные платежи NFC,Массовое внедрение,Стабильный — повсеместно в POS-терминалах
Чат-боты поддержки клиентов,Массовое внедрение,Стабильный
Промышленные роботы-манипуляторы,Массовое внедрение,Стабильный — лидеры FANUC/ABB/KUKA
Сверточные нейросети для классификации изображений,Массовое внедрение (зрелая технология),Стабильный
Мобильный банкинг,Массовое внедрение,Стабильный
Двухфакторная аутентификация,Массовое внедрение — стандарт отрасли,Стабильный
Антивирусы для конечных точек,Массовое внедрение,Стабильный
Реляционные СУБД,Массовое внедрение,Стабильный
Системы рекомендаций в e-commerce,Массовое внедрение,Стабильный
Биометрия по отпечатку пальца в смартфонах,Массовое внедрение,Снижается
RPA для бэк-офиса,Массовое внедрение,Стабильный
Межсетевые экраны нового поколения (NGFW),Массовое внедрение,Стабильный
GPU-кластеры для обучения нейросетей,Массовое внедрение — выраженный лидер NVIDIA,Стабильный
Машинный перевод,Массовое внедрение,Стабильный
Складские AGV-роботы,Массовое внедрение,Стабильный
QR-платежи,Массовое внедрение,Стабильный
SIEM-системы,Массовое внедрение,Стабильный
Метавселенные для банков,Пилот,Снижается — интерес угас после хайпа 2022
NFT-коллекции брендов,Раннее внедрение,Падает — маркетинговый хайп прошёл
Блокчейн для документооборота,Пилот,Стабильный — пилоты без масштабирования
Голосовые ассистенты в колонках,Массовое внедрение,Стабильный
Предиктивное обслуживание оборудования на ML,Массовое внедрение,Стабильный
